time,lasso,forward,tree,Random_Forest,SVR_L,SVR_P,SVR_R,true_value
2013/12/27 09:28,14064.3551,16029.99606,20292.55237,21061.69706,5658.133313,NA,NA,14829.91967
2013/11/24 13:08,29915.61616,20000.98986,35940.99331,31979.07873,30145.01906,NA,NA,26984.15622
2013/12/16 16:59,16852.42642,6979.401193,21676.60002,23424.69925,14860.80027,NA,NA,13672.62172
2013/12/8 13:00,21214.21065,23344.35083,18669.31992,16330.15881,16421.79822,NA,NA,25167.6864
2013/12/20 13:26,28756.73255,24078.20227,21117.68492,24039.37126,31218.32925,NA,NA,27141.64196
2013/12/24 04:27,45897.04169,32751.37479,42349.9252,43004.21942,44819.83306,NA,NA,48047.31337
2013/12/16 20:16,17554.86311,19655.66498,32027.06537,24395.77625,16605.69036,NA,NA,21136.8387
2013/12/16 11:18,40412.46585,43753.56091,39180.95292,42122.87622,40882.2382,NA,NA,44276.65595
2013/11/26 18:45,41301.33952,46519.35537,42666.55228,44122.68526,40884.04937,NA,NA,47682.1347
2013/11/24 21:51,29724.15108,30114.36674,30545.42814,30708.37828,32231.27365,NA,NA,24236.54245
2013/12/4 06:30,28373.71742,25874.51341,23664.95761,26798.7321,37558.44353,NA,NA,18334.40558
2013/12/26 11:20,9325.48063,-7060.019802,21756.69845,19767.51785,7764.747554,NA,NA,10103.60701
2013/12/11 12:43,41332.5759,21448.73252,46206.91679,44562.63148,25508.12536,NA,NA,45961.56936
2013/12/14 19:38,22212.21638,23765.55943,19391.36838,18044.67641,16004.799,NA,NA,17147.10717
2013/12/28 13:04,35647.93863,33392.35479,29893.20055,32937.65469,35431.86782,NA,NA,43869.03213
2013/11/24 09:38,43326.22527,39381.76799,37466.8186,35910.17119,44845.67981,NA,NA,47991.4185
2013/12/9 19:17,31128.96483,32085.51907,40380.48563,37836.37995,33579.5935,NA,NA,28507.69021
2013/12/28 00:24,16127.12996,25505.75103,16808.34662,20529.53007,14832.11869,NA,NA,12371.29439
2013/12/20 09:32,31385.50347,21547.71502,39289.89812,39994.08618,29961.49563,NA,NA,30501.28605
2013/11/26 00:17,24214.16701,16989.22606,24221.26932,21350.28253,22220.66019,NA,NA,29705.3417
2013/12/22 07:39,18884.21727,17940.64003,28374.8703,29372.93419,18320.66159,NA,NA,20774.00403
2013/12/7 06:49,25208.39363,29283.01633,16099.0898,21099.73727,26165.50407,NA,NA,28591.8603
2013/12/21 06:02,34871.23514,36657.38902,44615.64378,40469.50768,40182.71402,NA,NA,42655.43617
2013/12/17 12:19,28504.09496,27251.3381,41524.31695,35642.87575,26078.38674,NA,NA,29790.04665
2013/11/27 03:22,33436.76979,29748.5879,40409.99337,37679.63074,31362.36898,NA,NA,39654.6372
2013/12/7 21:43,39444.04531,41548.85948,39924.84181,39897.52677,41093.49194,NA,NA,48046.17553
2013/12/24 20:17,37662.19676,39732.27748,40762.84871,42592.29768,38187.6564,NA,NA,46072.06987
2013/12/4 18:18,16566.9924,4218.844916,18509.76074,18303.3613,12820.38175,NA,NA,14723.08711
2013/12/24 06:36,39830.34435,33416.65642,44888.92504,44482.50272,51657.0354,NA,NA,31358.5956
2013/12/13 15:15,27939.57809,27634.18525,30155.87399,26637.04816,28724.03334,NA,NA,21051.76874
2013/12/7 23:39,44759.98822,34305.20887,45534.77278,45911.93518,50029.59206,NA,NA,38189.55975
2013/12/17 14:53,36287.27276,34787.59522,40399.78214,36159.9029,34627.32683,NA,NA,37516.15137
2013/12/11 23:46,24870.22612,38145.49161,25651.60553,24842.86429,29922.44197,NA,NA,21336.54103
2013/12/1 11:36,41559.62212,54112.12226,40862.00248,43237.95586,51231.48393,NA,NA,46183.03075
2013/12/3 00:03,21063.27095,22974.93969,18012.78341,18079.3034,17169.28064,NA,NA,22231.57791
2013/12/9 18:00,35889.83704,34685.91968,41948.11247,39709.33467,40369.4682,NA,NA,39652.4579
2013/12/1 17:32,23203.93112,31516.202,21324.17074,24252.06505,24537.19362,NA,NA,15490.36766
2013/12/1 18:45,21759.00468,18890.267,19452.09571,26080.69403,20816.01068,NA,NA,21804.76101
2013/12/21 01:23,40403.11233,42912.39683,43656.27205,43719.23521,42514.72301,NA,NA,45043.11621
2013/11/24 18:06,35362.33969,30011.87929,40280.41085,38440.18353,26687.50289,NA,NA,28281.27425
2013/11/25 07:19,39598.98715,46266.95669,42785.20933,37654.88318,40797.56351,NA,NA,42404.06441
2013/12/27 12:45,32804.1446,33473.59777,30191.12383,34452.10099,42973.99599,NA,NA,30039.88548
2013/11/24 18:44,24251.99279,23069.35001,27489.69797,26298.46308,26138.72001,NA,NA,22513.30063
2013/12/11 00:13,26904.01406,23237.90195,23652.05509,27066.67951,24880.2928,NA,NA,21207.392
2013/12/10 22:15,16473.16616,31823.31839,15024.32069,16182.19562,24137.22118,NA,NA,20586.97092
2013/12/25 00:40,14944.04889,11357.78106,17113.37918,16914.95507,12376.99656,NA,NA,14231.19733
2013/12/27 09:21,18485.55828,18424.8282,21317.65071,16621.47824,13411.92897,NA,NA,14806.66634
2013/12/4 09:35,20685.59193,9240.422577,17255.83183,17125.48032,22437.90884,NA,NA,18867.8422
2013/12/15 12:24,26400.64871,12653.00813,38249.36965,35117.7772,26087.43394,NA,NA,21227.96099
2013/12/9 18:32,35973.26138,37700.11966,39091.68222,40505.14322,32640.55885,NA,NA,35968.3314
2013/12/8 02:29,34808.51047,17690.06065,41827.39241,42259.91114,34920.52531,NA,NA,36572.46585
2013/11/27 16:49,16230.44272,13820.40431,22432.86054,16713.08622,19432.49835,NA,NA,13249.34926
2013/12/5 17:45,18615.88381,13448.49096,26630.75337,23523.33336,16796.92705,NA,NA,12575.2507
2013/12/23 23:47,16760.10816,12036.16756,20998.89699,19761.35699,17916.75788,NA,NA,13676.60358
2013/12/6 11:46,34151.3447,23464.35571,38691.98676,35272.4083,38014.96655,NA,NA,30772.12152
2013/12/23 18:41,32473.15454,44649.94405,33750.31577,35261.26145,34537.52834,NA,NA,42784.41624
2013/12/14 12:04,43087.03604,48536.30238,39862.42117,44361.94816,50626.86895,NA,NA,48393.28132
2013/12/24 03:50,32911.53771,44978.5672,43660.29023,35003.37508,38539.98934,NA,NA,41681.39872
2013/12/9 19:35,29051.60626,29596.32037,45618.92512,33872.61724,29092.42614,NA,NA,25076.88495
2013/11/30 06:08,35508.66845,39858.0154,35840.89402,35292.04941,36217.94904,NA,NA,43577.67981
2013/12/23 11:03,42068.48152,35908.4391,44295.48535,39133.41527,41724.4464,NA,NA,35398.4967
2013/12/25 05:56,45524.96405,43274.26943,45203.39248,44671.07708,50496.92915,NA,NA,48963.54557
2013/11/28 03:09,18963.81613,16597.47911,18764.22437,20072.85905,17886.16656,NA,NA,14535.97851
2013/12/27 20:06,28031.33275,25538.0586,20400.55765,26449.83652,31685.5622,NA,NA,22894.29264
2013/12/12 09:46,28802.30665,17116.22372,41065.3195,36928.70659,25436.32299,NA,NA,29487.20898
2013/12/12 06:32,27484.93202,31624.69828,19180.37737,19939.2656,29001.59264,NA,NA,30001.15503
2013/12/3 02:17,25414.56353,19131.69832,20611.98309,22653.12116,24093.50174,NA,NA,19249.52928
2013/11/26 05:33,34459.60806,39332.74254,41256.58737,34338.43478,35275.7683,NA,NA,39227.97712
2013/12/24 23:23,14623.90295,10076.98477,13146.30208,15441.26818,24664.09363,NA,NA,12403.91728
2013/12/18 23:04,21925.96342,25614.90451,21392.0884,23954.91844,25628.26555,NA,NA,16618.27544
2013/12/25 23:53,7611.841315,22344.41746,22883.44759,20425.04974,7876.473704,NA,NA,16024.09284
2013/12/3 16:39,26724.96361,27418.52726,21313.09023,23443.70219,21396.15227,NA,NA,24238.83059
2013/12/26 17:22,37201.89976,36989.01824,41989.56104,43022.45358,38122.70756,NA,NA,38993.59227
2013/12/13 06:31,19077.2301,16880.06266,17524.53994,20866.06621,19876.59098,NA,NA,13721.84588
2013/12/27 14:50,21366.22376,7104.670053,17684.05026,21944.81388,15712.46931,NA,NA,17924.02382
2013/12/23 00:16,42102.78414,48409.21199,42117.65941,45388.11843,43864.88657,NA,NA,39139.67659
2013/12/28 12:52,41669.2554,40712.0326,42124.82732,41643.88569,47761.08554,NA,NA,43219.54004
2013/12/12 01:34,25742.16785,19248.06182,35055.14576,22377.59672,24783.50483,NA,NA,19911.09734
2013/12/2 13:36,29308.38553,43498.73886,13575.60996,24010.73993,35030.58114,NA,NA,21274.93654
2013/12/24 18:55,31398.23379,36681.7229,26514.34747,27584.75394,26484.92033,NA,NA,31091.67903
2013/12/1 18:28,13000.31378,5864.310376,19825.70896,20494.53966,14030.07954,NA,NA,18066.40904
2013/12/4 09:36,23789.31547,25229.87868,18182.63147,20663.60284,23934.44282,NA,NA,19020.23086
2013/12/20 14:29,28813.51945,37147.28345,21468.52461,22251.20675,25167.19301,NA,NA,29716.25868
2013/12/10 11:07,24467.9429,17860.24454,20176.68569,24010.26977,26421.23265,NA,NA,20715.82814
2013/12/22 05:01,35884.73171,36206.99558,42778.89972,37177.71319,36733.96331,NA,NA,40717.22552
2013/12/8 05:27,33864.15877,33194.42094,25103.30531,28694.79321,35216.26246,NA,NA,30167.99253
2013/12/2 20:20,38291.47397,41509.11526,42324.91669,45307.50516,33516.23746,NA,NA,38142.04136
2013/11/25 18:36,9625.517427,234.0141981,20015.51745,15888.3425,5643.29297,NA,NA,8827.855063
2013/12/6 08:39,37009.03926,31031.15656,27940.51781,33508.58691,38407.54266,NA,NA,43016.19637
2013/12/23 04:27,27687.74931,25246.24724,28392.32547,25393.4467,34508.44107,NA,NA,27836.58666
2013/12/6 09:19,42413.44877,33408.60456,39964.80723,42499.19912,40043.87717,NA,NA,50113.50161
2013/12/5 09:58,32652.86148,38490.10934,28425.9416,27382.41972,36797.43535,NA,NA,34984.05989
2013/11/27 14:47,28073.77301,30718.58704,21815.20789,27811.11932,31496.06352,NA,NA,19568.28211
2013/12/21 18:13,24397.06497,28265.83214,31182.59525,33538.69794,26010.73954,NA,NA,30716.26665
2013/12/19 15:07,28453.38853,30932.22878,17172.0474,20607.13125,32383.28534,NA,NA,28123.00141
2013/12/22 14:22,26791.29287,24126.88267,18584.26209,18993.38551,21462.90261,NA,NA,27148.1549
2013/12/26 23:54,14975.39612,7143.755362,14426.11481,15730.80306,12501.35106,NA,NA,14725.02627
2013/12/21 15:27,23982.41949,21204.95089,19826.89989,30553.19013,22721.9866,NA,NA,24357.92464
2013/12/16 00:01,34561.21576,35290.02309,41784.07832,39025.25268,39822.36868,NA,NA,44010.00832
2013/12/16 18:00,18142.90653,17357.67461,17826.25444,17458.40661,20789.60687,NA,NA,17821.07637
2013/12/25 00:18,20885.2684,10373.64442,23117.0708,19672.93362,17614.39145,NA,NA,16155.69324
2013/12/8 14:06,25231.8892,24036.91486,19632.14253,22955.63153,28408.22949,NA,NA,15952.12252
2013/12/15 12:00,25263.95819,17158.51259,35891.08427,34393.98771,26424.59447,NA,NA,23874.32926
2013/11/24 19:23,22123.65348,16185.81546,19449.81137,22119.50845,24410.52508,NA,NA,26949.98525
2013/11/25 14:58,25712.98443,18066.51195,22028.7809,23286.59752,27584.13109,NA,NA,27193.35877
2013/12/7 14:09,33477.75229,23526.06646,39755.78066,39032.3402,33324.29693,NA,NA,30387.65644
2013/11/25 08:25,31197.1693,39364.02841,18307.92711,32121.63355,33494.93282,NA,NA,30386.55397
2013/12/9 13:11,19369.17906,13865.95869,18038.1743,17158.47383,12233.51286,NA,NA,23507.20139
2013/12/27 15:28,14444.67193,-7831.803745,17613.73108,17202.81902,7931.208753,NA,NA,17451.06859
2013/12/21 00:15,33218.72079,40816.34041,29841.4094,27895.72212,37662.89366,NA,NA,41106.07326
2013/12/5 20:22,26653.31861,17928.3694,22005.47863,26417.63568,25705.62234,NA,NA,26546.91926
2013/12/12 07:35,27891.03155,29595.8747,22273.9245,28156.29018,30518.79071,NA,NA,37974.40754
2013/12/22 13:13,19366.70292,12746.31781,19713.18746,19690.05035,16605.67196,NA,NA,22804.59148
2013/12/14 04:47,13994.717,22.99216547,16495.64752,16066.61192,9895.511409,NA,NA,15233.66327
2013/12/20 14:30,28387.70156,26269.37314,25442.27724,25753.81897,21372.36009,NA,NA,29603.94812
2013/11/26 09:14,45746.84962,59306.66497,38595.47018,37172.99162,44880.81126,NA,NA,47379.12285
2013/11/26 09:45,39053.8516,39065.06671,32909.30486,35632.08115,37140.04679,NA,NA,42819.75972
2013/12/10 06:40,24999.21616,16159.72073,31954.29555,25006.9429,23248.15857,NA,NA,32761.08937
2013/12/12 11:51,31424.35694,24421.53734,40758.49667,31303.24344,31861.60502,NA,NA,24394.39555
2013/12/6 18:16,41777.89665,44884.38456,42034.33891,43070.56283,42559.79979,NA,NA,40016.41461
2013/11/25 12:24,31226.5779,27883.83114,35592.50884,29520.50636,27497.8746,NA,NA,26758.71051
2013/12/21 04:59,29166.75536,28371.96225,30153.08947,24686.67229,25581.74365,NA,NA,30234.08481
2013/12/18 18:02,29791.2175,34631.18118,33110.09235,29098.11127,34965.7376,NA,NA,23697.38056
2013/12/28 04:26,21809.03966,23174.38205,21445.10872,19772.04274,28686.39824,NA,NA,9650.990504
2013/11/26 11:42,24739.24529,21284.58859,19536.82794,26082.1351,22690.86274,NA,NA,22821.22567
2013/11/24 13:44,14892.39508,32946.06617,20903.90204,27497.55056,12418.93018,NA,NA,30754.90637
2013/12/10 17:38,25192.68669,27459.91157,24991.73624,21757.17983,29619.41127,NA,NA,15047.19861
2013/11/30 23:29,23557.21822,40223.06983,24871.05668,28773.30379,24639.78011,NA,NA,28360.85881
2013/12/2 16:41,35543.35284,36858.87918,34241.06178,37676.77064,35557.1904,NA,NA,42531.56702
2013/12/6 12:35,32462.35313,32281.09994,31928.78488,31992.59927,32018.68326,NA,NA,33151.5751
2013/11/25 15:41,29155.87551,25012.78362,25466.31062,31674.46862,31090.21653,NA,NA,32540.14146
2013/12/15 16:24,24712.3638,20132.23946,34781.53422,29165.04177,24663.75169,NA,NA,21566.47261
2013/12/13 04:15,23702.22805,22289.15059,22432.83827,18731.06076,20762.74358,NA,NA,22206.07526
2013/12/10 16:13,29132.58706,32143.17202,23551.4214,23176.2107,29649.24144,NA,NA,27000.71695
2013/12/20 22:15,13634.04397,42410.92757,21737.79172,22709.31834,2904.132257,NA,NA,21442.74211
2013/12/2 08:31,27735.63541,26672.00856,38590.97704,34908.73736,28146.59804,NA,NA,38356.63796
2013/12/21 18:09,23236.9767,20971.17621,41648.58301,32488.31681,22307.10397,NA,NA,30944.40181
2013/11/25 03:09,30769.51995,25491.17551,39838.91457,30835.14419,27619.45412,NA,NA,20083.78796
2013/12/24 20:49,40491.01385,40496.97868,36189.41481,31891.38743,37754.32066,NA,NA,41984.9522
2013/12/12 12:57,27336.26337,29208.23286,21594.23243,24313.23663,29914.44291,NA,NA,24578.53133
2013/11/27 19:20,24045.1246,32122.36719,21006.88325,17526.76578,23562.20106,NA,NA,30374.4789
2013/12/19 15:06,28727.77901,17299.08307,33691.04911,28230.41625,27337.79721,NA,NA,28132.51607
2013/12/10 12:53,23250.40512,24580.29508,18902.39407,23382.24224,23574.67302,NA,NA,22154.20274
2013/11/26 12:34,27919.96267,43419.81354,19098.98424,21179.22734,29382.41863,NA,NA,21951.55515
2013/12/19 09:57,38844.92071,33866.78547,41983.63137,31621.19155,33917.81473,NA,NA,28824.04912
2013/12/5 11:32,53571.57868,50123.0967,26911.4973,28207.24414,61898.59668,NA,NA,33696.036
2013/11/30 11:27,22943.33421,21980.01545,29485.266,28838.88244,22584.35529,NA,NA,30708.87582
2013/12/28 11:37,37554.92824,61570.67854,41465.16754,38899.88093,34441.78717,NA,NA,42988.58839
2013/11/30 03:47,26997.26445,23740.17093,33161.80213,26026.27407,25549.01699,NA,NA,34760.28372
2013/12/11 22:12,39795.23598,48564.6942,43532.4554,39848.46737,46808.03856,NA,NA,37623.81192
2013/11/27 05:12,44760.98357,44913.59669,43619.6465,44242.91357,43931.08221,NA,NA,49763.16412
2013/12/14 01:46,35051.30488,36856.34852,29856.7826,34833.8108,33513.23299,NA,NA,29779.96364
2013/12/17 02:26,34707.20293,38465.98192,15418.14904,26396.96017,32201.65356,NA,NA,38258.42631
2013/12/11 18:59,22159.81034,19984.08304,28840.89094,24650.1785,19346.54782,NA,NA,28151.2174
2013/12/15 14:13,27670.8565,29746.50135,20742.76928,21981.36088,28336.37996,NA,NA,36187.83928
2013/12/2 01:16,22318.28635,48176.50681,23539.64301,25204.10953,28813.48006,NA,NA,16948.83763
2013/12/23 08:40,26460.088,19373.95043,40323.92879,30390.04389,26493.55455,NA,NA,26689.54604
2013/12/11 09:42,48808.23759,41900.48194,46165.04452,44235.82874,53338.36177,NA,NA,39908.65024
2013/12/22 10:34,29446.43541,32891.29052,15500.87622,23799.13638,25767.26523,NA,NA,23897.14457
2013/12/10 08:18,23140.28771,24637.33486,17548.32329,21310.85751,15356.08082,NA,NA,12676.78624
2013/12/16 10:14,39525.10424,39122.35428,39856.34726,42114.24719,41035.45584,NA,NA,41435.2644
2013/11/24 21:37,33155.67359,32692.54475,34534.88675,35287.50319,34918.77202,NA,NA,24885.21623
2013/12/13 10:30,21034.91624,24058.88322,19943.23349,15944.17445,18358.31761,NA,NA,13922.24209
2013/12/9 10:06,18138.8884,28903.32685,17505.76082,15021.52527,19877.38585,NA,NA,14999.10339
2013/12/5 08:04,30405.82519,37872.64923,28947.35222,32923.26394,27804.43896,NA,NA,29333.31932
2013/12/18 06:18,29377.43309,21015.70563,23971.03571,29278.98627,33492.85504,NA,NA,19482.98303
2013/12/15 23:23,32525.67545,23937.15996,37908.86799,34163.17155,33030.59394,NA,NA,35815.79342
2013/11/24 14:08,27253.68668,33683.7,26558.84687,25910.44928,25999.84193,NA,NA,41075.675
2013/11/24 18:12,33748.10314,38257.70494,41776.77892,35533.83183,36620.53112,NA,NA,27584.67662
2013/11/27 12:51,30944.9252,26937.70437,33002.0277,31452.77059,23760.78895,NA,NA,25716.47309
2013/12/19 23:02,21913.66764,28636.50026,17695.22998,19636.59274,19986.43769,NA,NA,35223.57459
2013/11/28 21:09,18789.5864,19088.44916,26899.03443,25892.4553,7495.005371,NA,NA,16330.66493
2013/12/7 14:28,29283.04988,34511.97476,19525.34247,27563.97248,33660.02275,NA,NA,30540.85486
2013/12/13 03:08,28021.13149,33767.73394,22386.77601,20196.15439,33371.84322,NA,NA,16866.52548
2013/12/1 16:22,30364.23475,22951.03258,34148.98243,33047.46736,25556.25311,NA,NA,15471.46945
2013/12/10 10:23,32014.93123,35293.37424,26729.66627,29480.50387,38376.31193,NA,NA,26935.72289
2013/12/5 10:01,31345.0386,14176.31879,23948.34027,34556.36219,45165.63989,NA,NA,34954.09529
2013/12/20 13:39,34294.81714,33149.18092,24498.97541,26610.57061,33067.47627,NA,NA,25944.79417
2013/12/23 14:35,48772.32839,53527.32704,38468.43367,40027.83862,46064.32542,NA,NA,36141.4256
2013/12/1 21:18,22241.82093,11320.29585,25698.47019,22740.83533,13585.64555,NA,NA,15809.67342
2013/11/26 00:46,30066.50866,32232.31471,19901.35092,25108.7076,28775.73788,NA,NA,37910.24576
2013/12/22 13:03,17590.91461,25399.32164,19714.87498,26984.58279,19468.20592,NA,NA,22420.63378
2013/11/25 09:12,35269.09636,34963.86116,28737.79479,35016.74248,33598.85711,NA,NA,34517.28313
2013/12/6 19:39,33555.08357,40877.30081,40997.0861,38099.74182,33862.36315,NA,NA,37980.18209
2013/12/28 01:14,17695.38748,10199.49677,16644.30462,15627.05907,15586.43571,NA,NA,12342.22342
2013/12/26 21:55,19107.7036,24606.89025,18227.1642,18104.22123,20594.94043,NA,NA,15806.32348
2013/12/25 07:33,40074.79015,45343.6988,43173.69743,44010.60688,44436.33794,NA,NA,42741.25853
2013/12/11 23:07,30700.39519,47457.17053,35178.74508,39966.1656,31554.0333,NA,NA,24793.07032
2013/12/14 13:10,44029.65992,52157.29543,27972.30361,36127.45998,36072.77602,NA,NA,48514.04767
2013/12/12 10:57,33493.00068,39394.81844,24233.98956,28318.19216,33642.01643,NA,NA,32053.44498
2013/12/17 14:01,31378.88386,32693.53996,28095.38475,28648.57727,31887.45322,NA,NA,40726.68979
2013/12/10 20:53,21840.83759,25433.07647,16105.52588,16493.99014,22887.12612,NA,NA,14501.41127
2013/12/28 09:45,24823.75894,24560.01497,18678.02462,22855.61832,27381.5362,NA,NA,22495.78076
2013/12/11 17:42,36182.33682,41447.16648,25356.22295,28404.11234,39710.05817,NA,NA,29497.34468
2013/12/13 15:26,23919.55798,16830.1193,21598.69752,24953.95447,21932.79265,NA,NA,22446.13059
2013/12/15 00:57,20842.34315,16409.76865,16708.58741,20045.96374,25426.97183,NA,NA,21102.94918
2013/11/26 22:14,41420.0997,37152.93806,40596.6354,42741.94678,45697.40202,NA,NA,46824.57182
2013/12/11 14:36,30899.36412,36522.93903,40536.0896,34914.7269,28579.44968,NA,NA,26099.20982
2013/12/12 22:25,15788.51165,14593.23958,17404.5571,15346.30847,16939.58437,NA,NA,13192.99451
2013/12/3 21:17,28310.06676,39446.22718,28431.98846,26507.20352,28297.40797,NA,NA,17184.06952
2013/12/1 19:44,21489.22056,20786.11157,19062.70244,25903.02101,21538.29373,NA,NA,20144.50194
2013/12/13 17:46,21518.26231,22249.14623,16522.36327,17315.78004,23604.87461,NA,NA,16573.27582
2013/12/5 22:55,24132.15496,17244.45253,20402.02663,27038.78094,24373.86921,NA,NA,14123.96603
2013/12/13 01:17,26132.52225,32540.8744,23888.99008,24981.96016,22973.86178,NA,NA,22550.93545
2013/12/4 14:28,22118.21044,22495.6343,26619.48563,26254.30932,17729.00521,NA,NA,25159.40732
2013/11/24 23:17,29351.74079,32846.27747,38222.59948,34008.98964,27490.60529,NA,NA,44424.34595
2013/11/27 07:31,32259.85031,16746.92503,39178.22531,37870.95693,28828.66127,NA,NA,32101.43179
2013/12/12 22:00,14916.32498,4238.246709,18067.70634,18543.59948,16015.10969,NA,NA,13866.56033
2013/11/26 14:13,30222.46888,33670.41585,23077.95286,21808.06382,31303.09605,NA,NA,30384.37438
2013/11/30 14:30,40878.4141,47349.28315,42800.80604,37742.05023,41668.8714,NA,NA,43151.80606
2013/11/26 06:22,40031.86556,43393.58135,41440.51559,41146.16105,39853.26423,NA,NA,42330.42907
2013/12/11 10:40,43430.71688,44965.59688,43284.7531,39798.47703,48074.82314,NA,NA,44423.19915
2013/12/19 10:23,29619.46566,33598.4828,41693.64946,33652.24079,31093.81006,NA,NA,25906.19183
2013/12/22 22:56,39597.33682,26737.95201,41632.15109,42155.53497,27809.53275,NA,NA,40328.66178
2013/12/26 14:43,37159.40475,38596.4181,43554.56076,40020.97836,43629.86473,NA,NA,41637.08828
2013/12/16 04:20,26330.28023,19980.97886,19536.30774,22405.14262,25054.15056,NA,NA,25614.05446
2013/11/26 02:44,41267.62255,40620.75243,36063.83404,39669.42713,50648.43103,NA,NA,46125.69489
2013/11/30 19:47,35814.70264,37339.27909,33104.48138,34364.89604,34900.78984,NA,NA,30159.43941
2013/12/16 03:04,22320.58686,20532.78301,23302.56775,25796.07414,20548.30227,NA,NA,22194.11416
2013/11/29 16:11,27485.00056,24694.60283,18919.7054,22339.16595,26463.42301,NA,NA,24977.48486
2013/12/20 10:04,28713.56858,23020.85187,27411.64194,29475.4669,27985.80394,NA,NA,32426.85368
2013/12/24 10:23,27147.03767,24732.58998,30390.70046,30547.38523,26384.969,NA,NA,20256.61575
2013/11/25 01:24,45030.7072,51325.56835,31386.468,34397.11499,47544.27832,NA,NA,46688.92213
2013/12/23 03:53,25115.39098,23196.03375,21052.10078,24994.3428,26298.74241,NA,NA,26534.47945
2013/12/27 08:20,16967.46495,8875.303105,24833.61168,24865.40474,16100.57688,NA,NA,16220.88936
2013/12/22 12:27,14919.91559,24845.06366,18528.10206,18101.11975,14988.4709,NA,NA,18051.53959
2013/11/24 17:43,41765.71287,41223.562,32374.60693,36255.15652,44300.50191,NA,NA,36782.61712
2013/11/28 21:54,16671.44288,18738.28325,18995.51103,16956.48082,14055.67729,NA,NA,19648.68894
2013/12/22 16:27,12491.44831,357.3073301,24428.96884,20074.61519,9418.024459,NA,NA,16430.09267
2013/12/21 18:33,31065.32705,37136.92378,39365.47512,31853.04341,32837.00872,NA,NA,36525.13918
2013/11/27 00:04,40365.92863,42028.17331,34125.69818,39028.63578,40241.03411,NA,NA,50142.63603
2013/12/28 10:06,21531.54659,15481.68182,24632.4127,21957.17166,16309.44289,NA,NA,26295.93107
2013/12/26 06:13,39078.24754,57927.58245,44549.3412,42288.51781,38478.25492,NA,NA,47538.9527
2013/12/8 13:51,25707.35016,33115.15977,30077.41651,26956.62351,25911.82506,NA,NA,18446.92049
2013/11/26 02:37,46048.70524,48288.22117,38964.17058,39955.22904,40885.3377,NA,NA,46046.14659
2013/12/19 22:13,20672.30393,21605.15099,17964.52309,21024.43956,-902.3813807,NA,NA,20458.54319
2013/12/22 20:02,24377.37345,32459.5048,16482.99048,22337.43688,27120.42265,NA,NA,13606.69572
2013/12/27 11:13,36148.47028,40197.50946,44534.37341,36452.35915,37824.31631,NA,NA,39753.56765
2013/12/3 15:28,24092.51205,20478.72007,16404.55771,32772.19349,20972.80566,NA,NA,21736.75321
2013/12/15 22:40,25177.6871,18647.90184,24048.01495,25322.47843,26053.15191,NA,NA,30959.8822
2013/12/9 22:57,24590.05141,20639.61495,25041.46362,25060.27567,26569.4007,NA,NA,10500.13899
2013/12/23 19:32,48865.38486,55843.94478,39022.29013,42096.71853,47412.58298,NA,NA,45229.39236
2013/11/24 20:50,33304.70648,36093.08597,35177.64333,37979.17822,31447.11302,NA,NA,28988.05914
2013/12/3 14:13,34447.87267,41293.67544,26195.12493,29642.19957,33102.47291,NA,NA,34291.94023
2013/12/28 01:46,9889.587094,14491.51395,16553.76425,14129.86316,10233.8073,NA,NA,12770.11584
2013/12/24 09:24,36951.85168,45505.6859,37327.95635,38844.28402,44997.43506,NA,NA,31658.92481
2013/11/28 12:49,29749.00138,23930.53546,36152.17581,30491.89943,29033.69542,NA,NA,26674.10312
2013/12/12 09:14,34080.64901,26196.78698,46144.44559,35397.51034,31294.27332,NA,NA,31758.79189
2013/12/2 11:51,44293.06149,48137.54995,42173.35304,43723.57369,43384.65329,NA,NA,44018.91186
2013/12/9 10:00,25452.72844,26174.85737,24101.87493,23987.27853,19493.05946,NA,NA,14995.49105
2013/12/1 11:10,48224.95305,44118.20607,43124.17362,45499.00466,48227.90227,NA,NA,45683.46987
2013/11/26 22:29,42121.54073,53566.97033,39065.25656,39929.84869,36399.83842,NA,NA,48223.01767
2013/12/9 06:24,25550.51738,39478.98901,20248.4999,19428.64013,34842.67749,NA,NA,24372.36078
2013/12/27 06:27,16654.28028,15256.53486,14266.7117,12529.84375,18221.96243,NA,NA,17652.61602
2013/12/27 13:10,27282.29563,21308.30575,25194.31434,24922.3203,30058.34009,NA,NA,30139.98485
2013/12/23 21:42,30102.75088,17704.58898,35538.4975,36098.65422,21492.73523,NA,NA,27004.00479
2013/12/20 22:57,23894.6187,20623.50561,16918.66463,24348.423,19298.57541,NA,NA,20220.43716
2013/12/5 10:51,34412.85512,31631.72538,34791.04526,37748.81859,36353.75082,NA,NA,30667.64766
2013/12/1 11:47,37795.14102,35295.28907,36402.60376,36416.25468,38237.90501,NA,NA,44470.92286
2013/12/18 00:20,25383.1379,36762.09309,26844.22136,27128.32358,25875.08925,NA,NA,21932.75962
2013/12/17 11:56,32875.21928,29865.71451,27311.59558,25622.67413,28941.77954,NA,NA,30546.36633
2013/11/30 14:24,34329.27102,39623.47736,43517.37034,31417.4032,35467.73815,NA,NA,41861.48994
2013/12/5 10:36,35703.90581,44486.60439,37341.21404,38248.07583,29824.34612,NA,NA,31651.22146
2013/12/11 11:57,46160.74088,53999.27431,45963.46613,43602.13324,47509.0506,NA,NA,45919.11636
2013/12/25 17:56,29358.56873,24407.10236,27526.94367,26694.75974,27135.22393,NA,NA,19448.37339
2013/12/25 08:26,35934.61688,39589.01274,41099.79276,38183.29321,40463.56371,NA,NA,35089.72702
2013/12/14 14:21,48346.52211,51284.44083,36602.53254,38658.39513,50919.24719,NA,NA,51296.32291
2013/12/4 04:57,13872.3227,26094.21158,17249.96114,15691.91747,20350.97864,NA,NA,11370.14963
2013/11/30 19:37,38901.20202,41847.2731,42469.50555,41743.80729,38612.65059,NA,NA,33949.35046
2013/12/16 22:05,24066.20196,22048.57704,25031.22785,23503.11581,25800.25852,NA,NA,28593.76757
2013/12/26 00:01,15903.83707,16580.31563,14175.22868,18893.03183,12690.78561,NA,NA,16840.35379
2013/12/5 13:46,43574.42467,53677.41637,42527.00702,45006.70934,50756.1748,NA,NA,44513.79666
2013/11/28 00:50,23913.64331,29390.96024,28804.25861,24252.06983,20606.80961,NA,NA,22558.13876
2013/12/15 07:53,26681.89647,24476.26135,25294.6682,25230.51682,28878.44604,NA,NA,24826.05697
2013/11/27 04:05,37430.72631,37969.15633,37057.94261,35232.01036,38230.1465,NA,NA,41548.62699
2013/11/26 20:45,38788.62755,35792.54808,45616.44951,42217.99618,41319.50471,NA,NA,34101.86845
2013/11/28 09:50,40938.58321,42667.0708,42329.66818,37511.51323,45940.17158,NA,NA,44520.70608
2013/12/15 22:41,28880.66491,32668.91573,16734.06097,26897.96212,30983.46994,NA,NA,30962.63099
2013/12/9 15:56,41022.18845,37263.53488,41529.99444,44930.35701,41183.90335,NA,NA,40970.66093
2013/12/11 11:31,42629.50389,46402.63799,43265.64069,44445.42091,43214.73974,NA,NA,46821.92001
2013/12/26 04:55,40195.70591,35869.55417,44013.77387,40568.54418,36855.99311,NA,NA,46183.71287
2013/12/12 22:19,17333.07158,17693.16815,16838.66073,13342.56814,16995.34751,NA,NA,14076.5751
2013/11/24 08:51,41716.11158,42158.63738,46062.95708,42513.77217,44545.55413,NA,NA,45741.89596
2013/12/4 21:00,27975.8656,21394.71453,24633.77359,24533.6362,29872.9005,NA,NA,19392.06648
2013/11/26 22:49,43003.60121,78228.80835,41462.00925,39377.01434,64592.55878,NA,NA,46172.41619
2013/12/12 02:16,21054.17978,21154.65276,22577.77392,23915.46491,20877.02898,NA,NA,22765.74779
2013/12/22 05:32,44491.31492,42424.66384,43691.16926,42275.55322,50442.00905,NA,NA,50246.40402
2013/12/26 18:47,25813.18299,19513.78963,38857.45021,32246.27962,27057.70295,NA,NA,28186.08268
2013/12/23 19:23,49528.26442,44667.33873,43654.92836,44959.56486,51096.547,NA,NA,47893.13758
2013/12/11 21:30,37130.12606,26621.8951,38439.48343,31849.8204,33212.50669,NA,NA,41253.35534
2013/12/1 08:02,20048.62166,21545.65602,23999.88751,17512.31141,17866.69206,NA,NA,27016.9915
2013/12/25 11:20,46242.50612,43409.72725,43690.8862,46374.88288,45353.01557,NA,NA,43335.31308
2013/11/26 17:39,27597.39466,38646.74673,20625.45832,23621.92729,29097.73234,NA,NA,40620.43177
2013/11/30 07:26,21174.31394,11106.49936,18017.58366,24697.08469,25565.53679,NA,NA,19646.65648
2013/12/12 01:25,19417.85043,10503.30809,18205.67409,19630.42427,18511.88993,NA,NA,21351.46787
